id_magazin,x_magazin,y_magazin
1,44.44577,25.96966
2,44.336735,25.965965
3,44.176857,25.927
4,44.474495,25.804914
5,44.290497,26.047882